{
      "AAAA": 1.24225978032327,
      "AAAG": 0.63613174196155,
      "AAAC": 1.44068255704946,
      "AAAT": 0.2878192032662,
      "AAGA": 1.46342967622282,
      "AAGG": 1.65381933659234,
      "AAGC": 2.38389879789748,
      "AAGT": 2.79913140693033,
      "AACA": 1.48835549034875,
      "AACG": 1.84539269298538,
      "AACC": 2.20472625498072,
      "AACT": 1.08044142527612,
      "AATA": 0.92577098123055,
      "AATG": 0.86808937811605,
      "AATC": 0.45018078195648,
      "AATT": 0.37504081447324,
      "AGAA": 1.68623961362615,
      "AGAG": 3.41290625249385,
      "AGAC": 2.81303494991865,
      "AGAT": 1.07391791001025,
      "AGGA": 2.24936309144266,
      "AGGG": 4.51504799197604,
      "AGGC": 4.60905838588906,
      "AGGT": 3.48557317282873,
      "AGCA": 2.56560784986749,
      "AGCG": 1.07086481916077,
      "AGCC": 1.89045025904054,
      "AGCT": 1.056844816578,
      "AGTA": 2.52927939630386,
      "AGTG": 1.42911383926119,
      "AGTC": 0.83555800528537,
      "AGTT": 1.08044142527612,
      "ACAA": 8.6981850979685,
      "ACAG": 6.29389489173815,
      "ACAC": 7.29873599723742,
      "ACAT": 6.28904739627535,
      "ACGA": 4.60724884719302,
      "ACGG": 3.24542369838295,
      "ACGC": 4.85718381362364,
      "ACGT": 6.90144344956628,
      "ACCA": 2.63176758052637,
      "ACCG": 10.4016758459906,
      "ACCC": 8.41066766026878,
      "ACCT": 3.48557317282873,
      "ACTA": 5.25412374545451,
      "ACTG": 1.94597062495294,
      "ACTC": 3.02401424951765,
      "ACTT": 2.79913140693033,
      "ATAA": 9.5871193170843,
      "ATAG": 8.38455190385898,
      "ATAC": 6.37316194047452,
      "ATAT": 5.1874606128082,
      "ATGA": 7.59701225571938,
      "ATGG": 5.76196662611191,
      "ATGC": 0.56567550024538,
      "ATGT": 6.28904739627535,
      "ATCA": 0.51523338573872,
      "ATCG": 3.20859196453735,
      "ATCC": 1.72376996584821,
      "ATCT": 1.07391791001025,
      "ATTA": 1.64000739234638,
      "ATTG": 1.69783609412543,
      "ATTC": 1.20676649764699,
      "ATTT": 0.2878192032662,
      "GAAA": 0.74928786240167,
      "GAAG": 0.6993461667176,
      "GAAC": 0.61515711239262,
      "GAAT": 1.20676649764699,
      "GAGA": 5.18235518188987,
      "GAGG": 3.53344585895397,
      "GAGC": 4.61360022835191,
      "GAGT": 3.02401424951765,
      "GACA": 2.18980655798148,
      "GACG": 0.43734473377414,
      "GACC": 0.8183397136615,
      "GACT": 0.83555800528537,
      "GATA": 0.98589601079953,
      "GATG": 0.05465687026272,
      "GATC": 0.25558152959793,
      "GATT": 0.45018078195648,
      "GGAA": 2.34176397250655,
      "GGAG": 4.53233301037695,
      "GGAC": 0.59188026247056,
      "GGAT": 1.72376996584821,
      "GGGA": 2.30966250002019,
      "GGGG": 7.21290559449287,
      "GGGC": 4.59359311407749,
      "GGGT": 8.41066766026878,
      "GGCA": 3.20390063113209,
      "GGCG": 2.62515206280794,
      "GGCC": 2.2433484627257,
      "GGCT": 1.89045025904054,
      "GGTA": 1.55556691984198,
      "GGTG": 1.964393376724,
      "GGTC": 0.8183397136615,
      "GGTT": 2.20472625498072,
      "GCAA": 5.57212175059035,
      "GCAG": 5.35622473155588,
      "GCAC": 7.17654149726657,
      "GCAT": 0.56567550024538,
      "GCGA": 2.33786683526662,
      "GCGG": 4.80430597315804,
      "GCGC": 6.16501275909977,
      "GCGT": 4.85718381362364,
      "GCCA": 4.4015640440871,
      "GCCG": 2.88132234502167,
      "GCCC": 4.59359311407749,
      "GCCT": 4.60905838588906,
      "GCTA": 5.24984851658446,
      "GCTG": 0.81066674622291,
      "GCTC": 4.61360022835191,
      "GCTT": 2.38389879789748,
      "GTAA": 11.4909941304236,
      "GTAG": 16.1454494911916,
      "GTAC": 16.7509303630238,
      "GTAT": 6.37316194047452,
      "GTGA": 6.91103122468319,
      "GTGG": 4.21879529343411,
      "GTGC": 7.17654149726657,
      "GTGT": 7.29873599723742,
      "GTCA": 1.65551168349169,
      "GTCG": 0.6172461744597,
      "GTCC": 0.59188026247056,
      "GTCT": 2.81303494991865,
      "GTTA": 2.66217161545753,
      "GTTG": 2.1495493351138,
      "GTTC": 0.61515711239262,
      "GTTT": 1.44068255704946,
      "CAAA": 1.14313147729086,
      "CAAG": 3.29245865486455,
      "CAAC": 2.1495493351138,
      "CAAT": 1.69783609412543,
      "CAGA": 2.32072000146134,
      "CAGG": 3.0097074222087,
      "CAGC": 0.81066674622291,
      "CAGT": 1.94597062495294,
      "CACA": 2.45927530884038,
      "CACG": 1.08741883381639,
      "CACC": 1.964393376724,
      "CACT": 1.42911383926119,
      "CATA": 1.26168431024648,
      "CATG": 0.68599773516539,
      "CATC": 0.05465687026272,
      "CATT": 0.86808937811605,
      "CGAA": 0.53912428745711,
      "CGAG": 6.30874132556542,
      "CGAC": 0.6172461744597,
      "CGAT": 3.20859196453735,
      "CGGA": 2.59394758992572,
      "CGGG": 4.22140991010423,
      "CGGC": 2.88132234502167,
      "CGGT": 10.4016758459906,
      "CGCA": 0.13193836684903,
      "CGCG": 2.86465946966181,
      "CGCC": 2.62515206280794,
      "CGCT": 1.07086481916077,
      "CGTA": 2.82946883691326,
      "CGTG": 1.08741883381639,
      "CGTC": 0.43734473377414,
      "CGTT": 1.84539269298538,
      "CCAA": 7.54914537849571,
      "CCAG": 7.37364134059104,
      "CCAC": 4.21879529343411,
      "CCAT": 5.76196662611191,
      "CCGA": 3.12767229152367,
      "CCGG": 8.48182883388423,
      "CCGC": 4.80430597315804,
      "CCGT": 3.24542369838295,
      "CCCA": 3.78135250922127,
      "CCCG": 4.22140991010423,
      "CCCC": 7.21290559449287,
      "CCCT": 4.51504799197604,
      "CCTA": 6.39682275010837,
      "CCTG": 3.0097074222087,
      "CCTC": 3.53344585895397,
      "CCTT": 1.65381933659234,
      "CTAA": 5.16743950289973,
      "CTAG": 10.8598338575611,
      "CTAC": 16.1454494911916,
      "CTAT": 8.38455190385898,
      "CTGA": 1.1738257738522,
      "CTGG": 7.37364134059104,
      "CTGC": 5.35622473155588,
      "CTGT": 6.29389489173815,
      "CTCA": 4.30435749325458,
      "CTCG": 6.30874132556542,
      "CTCC": 4.53233301037695,
      "CTCT": 3.41290625249385,
      "CTTA": 3.38311920584566,
      "CTTG": 3.29245865486455,
      "CTTC": 0.6993461667176,
      "CTTT": 0.63613174196155,
      "TAAA": 1.34206984218421,
      "TAAG": 3.38311920584566,
      "TAAC": 2.66217161545753,
      "TAAT": 1.64000739234638,
      "TAGA": 6.25303447593543,
      "TAGG": 6.39682275010837,
      "TAGC": 5.24984851658446,
      "TAGT": 5.25412374545451,
      "TACA": 1.83572329514134,
      "TACG": 2.82946883691326,
      "TACC": 1.55556691984198,
      "TACT": 2.52927939630386,
      "TATA": 1.23757759045936,
      "TATG": 1.26168431024648,
      "TATC": 0.98589601079953,
      "TATT": 0.92577098123055,
      "TGAA": 4.48521898399375,
      "TGAG": 4.30435749325458,
      "TGAC": 1.65551168349169,
      "TGAT": 0.51523338573872,
      "TGGA": 3.31513059002972,
      "TGGG": 3.78135250922127,
      "TGGC": 4.4015640440871,
      "TGGT": 2.63176758052637,
      "TGCA": 4.0641231447251,
      "TGCG": 0.13193836684903,
      "TGCC": 3.20390063113209,
      "TGCT": 2.56560784986749,
      "TGTA": 1.83572329514134,
      "TGTG": 2.45927530884038,
      "TGTC": 2.18980655798148,
      "TGTT": 1.48835549034875,
      "TCAA": 7.3134313340403,
      "TCAG": 1.1738257738522,
      "TCAC": 6.91103122468319,
      "TCAT": 7.59701225571938,
      "TCGA": 16.2949352767904,
      "TCGG": 3.12767229152367,
      "TCGC": 2.33786683526662,
      "TCGT": 4.60724884719302,
      "TCCA": 3.31513059002972,
      "TCCG": 2.59394758992572,
      "TCCC": 2.30966250002019,
      "TCCT": 2.24936309144266,
      "TCTA": 6.25303447593543,
      "TCTG": 2.32072000146134,
      "TCTC": 5.18235518188987,
      "TCTT": 1.46342967622282,
      "TTAA": 8.95618355980562,
      "TTAG": 5.16743950289973,
      "TTAC": 11.4909941304236,